<?xml version="1.0" encoding="UTF-8"?>
<project-private xmlns="http://www.netbeans.org/ns/project-private/1">
    <editor-bookmarks xmlns="http://www.netbeans.org/ns/editor-bookmarks/2" lastBookmarkId="1">
        <file>
            <url>src/java/controller/ApplicationServlet.java</url>
            <bookmark id="1">
                <name/>
                <line>0</line>
                <key/>
            </bookmark>
        </file>
    </editor-bookmarks>
    <open-files xmlns="http://www.netbeans.org/ns/projectui-open-files/2">
        <group>
            <file>file:/C:/Users/HP/Documents/NetBeansProjects/MinorProject/web/CompanyDashboard.html</file>
            <file>file:/C:/Users/HP/Documents/NetBeansProjects/MinorProject/web/apply.jsp</file>
            <file>file:/C:/Users/HP/Documents/NetBeansProjects/MinorProject/src/java/controller/ApplicationServlet.java</file>
            <file>file:/C:/Users/HP/Documents/NetBeansProjects/MinorProject/src/java/controller/CheckSessionServlet.java</file>
            <file>file:/C:/Users/HP/Documents/NetBeansProjects/MinorProject/src/java/controller/CompanyPostJob.java</file>
            <file>file:/C:/Users/HP/Documents/NetBeansProjects/MinorProject/src/java/db/DBConnector.java</file>
            <file>file:/C:/Users/HP/Documents/NetBeansProjects/MinorProject/src/java/dto/CompanyUserDto.java</file>
            <file>file:/C:/Users/HP/Documents/NetBeansProjects/MinorProject/src/java/controller/StudentUserDto.java</file>
            <file>file:/C:/Users/HP/Documents/NetBeansProjects/MinorProject/src/java/dto/AdminUserDto.java</file>
            <file>file:/C:/Users/HP/Documents/NetBeansProjects/MinorProject/src/java/dto/PostJob.java</file>
            <file>file:/C:/Users/HP/Documents/NetBeansProjects/MinorProject/src/java/Dao/JobDao.java</file>
            <file>file:/C:/Users/HP/Documents/NetBeansProjects/MinorProject/src/java/controller/StudentLogin.java</file>
            <file>file:/C:/Users/HP/Documents/NetBeansProjects/MinorProject/src/java/controller/AdminLogin.java</file>
            <file>file:/C:/Users/HP/Documents/NetBeansProjects/MinorProject/src/java/controller/LoginAuthenticatorAdmin.java</file>
            <file>file:/C:/Users/HP/Documents/NetBeansProjects/MinorProject/src/java/controller/CompanyLogin.java</file>
            <file>file:/C:/Users/HP/Documents/NetBeansProjects/MinorProject/web/adminDashboard.html</file>
            <file>file:/C:/Users/HP/Documents/NetBeansProjects/MinorProject/web/viewProfile.jsp</file>
            <file>file:/C:/Users/HP/Documents/NetBeansProjects/MinorProject/web/login.html</file>
            <file>file:/C:/Users/HP/Documents/NetBeansProjects/MinorProject/src/java/controller/LoginAuthenticatorCompany.java</file>
            <file>file:/C:/Users/HP/Documents/NetBeansProjects/MinorProject/web/dashboard.jsp</file>
            <file>file:/C:/Users/HP/Documents/NetBeansProjects/MinorProject/src/java/controller/LoginAuthenticatorStudent.java</file>
            <file>file:/C:/Users/HP/Documents/NetBeansProjects/MinorProject/web/index.jsp</file>
            <file>file:/C:/Users/HP/Documents/NetBeansProjects/MinorProject/web/apply.css</file>
            <file>file:/C:/Users/HP/Documents/NetBeansProjects/MinorProject/web/dashStyle.css</file>
            <file>file:/C:/Users/HP/Documents/NetBeansProjects/MinorProject/web/manage.html</file>
            <file>file:/C:/Users/HP/Documents/NetBeansProjects/MinorProject/src/java/controller/AddStudents.java</file>
            <file>file:/C:/Users/HP/Documents/NetBeansProjects/MinorProject/src/java/dto/addStudents.java</file>
            <file>file:/C:/Users/HP/Documents/NetBeansProjects/MinorProject/src/java/Dao/AddStudentsDao.java</file>
            <file>file:/C:/Users/HP/Documents/NetBeansProjects/MinorProject/src/java/controller/AddCompany.java</file>
            <file>file:/C:/Users/HP/Documents/NetBeansProjects/MinorProject/src/java/dto/addCompany.java</file>
            <file>file:/C:/Users/HP/Documents/NetBeansProjects/MinorProject/src/java/Dao/AddCompanyDao.java</file>
            <file>file:/C:/Users/HP/Documents/NetBeansProjects/MinorProject/web/ApplicationSubmittedSuccessfully.html</file>
        </group>
    </open-files>
</project-private>
